ID,Status,Name,Slug,Count,Description,Taxonomy,Old Platform ID,View,Type,Use For
1134,active,Affordability,affordability,0,,post_tag,,https://mikesellsnj.com/tag/affordability/,,
1135,active,Agent Value,agent-value,0,,post_tag,,https://mikesellsnj.com/tag/agent-value/,,
1092,active,Alloway,alloway,0,,post_tag,,https://mikesellsnj.com/tag/alloway/,,
1187,active,April 2026,April-2026,0,,post_tag,,https://mikesellsnj.com/tag/april-2026/,,
1172,active,April 2027,April-2027,0,,post_tag,,https://mikesellsnj.com/tag/april-2027/,,
1175,active,April 2028,April-2028,0,,post_tag,,https://mikesellsnj.com/tag/april-2028/,,
1061,active,Audubon,audubon,0,,post_tag,,https://mikesellsnj.com/tag/audubon/,,
1032,active,August 2025,August-2025,5,,post_tag,,https://mikesellsnj.com/tag/august-2025/,,
1191,active,August 2026,August-2026,0,,post_tag,,https://mikesellsnj.com/tag/august-2026/,,
1167,active,August 2027,August-2027,0,,post_tag,,https://mikesellsnj.com/tag/august-2027/,,
1179,active,August 2028,August-2028,0,,post_tag,,https://mikesellsnj.com/tag/august-2028/,,
1136,active,Baby Boomers,baby-boomers,0,,post_tag,,https://mikesellsnj.com/tag/baby-boomers/,,
1114,active,Barrington,barrington,0,,post_tag,,https://mikesellsnj.com/tag/barrington/,,
1115,active,Bellmawr,bellmawr,0,,post_tag,,https://mikesellsnj.com/tag/bellmawr/,,
1116,active,Berlin,berlin,0,,post_tag,,https://mikesellsnj.com/tag/berlin/,,
1077,active,Bridgeton,bridgeton,0,,post_tag,,https://mikesellsnj.com/tag/bridgeton/,,
1118,active,Brooklawn,brooklawn,0,,post_tag,,https://mikesellsnj.com/tag/brooklawn/,,
1068,active,Burlington Twp,burlington-twp,0,,post_tag,,https://mikesellsnj.com/tag/burlington-twp/,,
1137,active,Buying Myths,buying-myths,92,,post_tag,,https://mikesellsnj.com/tag/buying-myths/,,
1138,active,Buying Tips,buying-tips,107,,post_tag,,https://mikesellsnj.com/tag/buying-tips/,,
1086,active,Carneys Point,carneys-point,0,,post_tag,,https://mikesellsnj.com/tag/carneys-point/,,
1054,active,Cherry Hill,cherry-hill,0,,post_tag,,https://mikesellsnj.com/tag/cherry-hill/,,
1069,active,Cinnaminson,cinnaminson,0,,post_tag,,https://mikesellsnj.com/tag/cinnaminson/,,
1053,active,Clayton,clayton,0,,post_tag,,https://mikesellsnj.com/tag/clayton/,,
1119,active,Clementon,clementon,0,,post_tag,,https://mikesellsnj.com/tag/clementon/,,
1057,active,Collingswood,collingswood,0,,post_tag,,https://mikesellsnj.com/tag/collingswood/,,
1078,active,Commercial Twp,commercial-twp,0,,post_tag,,https://mikesellsnj.com/tag/commercial-twp/,,
1182,active,December 2025,December-2025,0,,post_tag,,https://mikesellsnj.com/tag/december-2025/,,
1195,active,December 2026,December-2026,0,,post_tag,,https://mikesellsnj.com/tag/december-2026/,,
1171,active,December 2027,December-2027,0,,post_tag,,https://mikesellsnj.com/tag/december-2027/,,
1076,active,Deerfield,deerfield,0,,post_tag,,https://mikesellsnj.com/tag/deerfield/,,
1070,active,Delran,delran,0,,post_tag,,https://mikesellsnj.com/tag/delran/,,
1139,active,Demographics,demographics,0,,post_tag,,https://mikesellsnj.com/tag/demographics/,,
1045,active,Deptford,deptford,0,,post_tag,,https://mikesellsnj.com/tag/deptford/,,
1140,active,Distressed Properties,distressed-properties,0,,post_tag,,https://mikesellsnj.com/tag/distressed-properties/,,
1141,active,Down Payments,down-payments,0,,post_tag,,https://mikesellsnj.com/tag/down-payments/,,
1142,active,Downsize,downsize,0,,post_tag,,https://mikesellsnj.com/tag/downsize/,,
1049,active,East Greenwich,east-greenwich,0,,post_tag,,https://mikesellsnj.com/tag/east-greenwich/,,
1101,active,Eastampton,eastampton,0,,post_tag,,https://mikesellsnj.com/tag/eastampton/,,
1143,active,economy,economy,0,,post_tag,,https://mikesellsnj.com/tag/economy/,,
1124,active,Elk Twp,elk-twp,0,,post_tag,,https://mikesellsnj.com/tag/elk-twp/,,
1091,active,Elmer,elmer,0,,post_tag,,https://mikesellsnj.com/tag/elmer/,,
1144,active,Equity,equity,0,,post_tag,,https://mikesellsnj.com/tag/equity/,,
1185,active,February 2026,February-2026,0,,post_tag,,https://mikesellsnj.com/tag/february-2026/,,
1197,active,February 2027,February-2027,0,,post_tag,,https://mikesellsnj.com/tag/february-2027/,,
1173,active,February 2028,February-2028,0,,post_tag,,https://mikesellsnj.com/tag/february-2028/,,
1145,active,First Time Home Buyers,first-time-home-buyers,0,,post_tag,,https://mikesellsnj.com/tag/first-time-home-buyers/,,
1162,active,For Sale by Owner,for-sale-by-owner,0,,post_tag,,https://mikesellsnj.com/tag/for-sale-by-owner/,,
1146,active,Forecasts,forecasts,0,,post_tag,,https://mikesellsnj.com/tag/forecasts/,,
1147,active,Foreclosures,foreclosures,0,,post_tag,,https://mikesellsnj.com/tag/foreclosures/,,
1050,active,Franklinville,franklinville,0,,post_tag,,https://mikesellsnj.com/tag/franklinville/,,
1148,active,FSBOs,fsbos,0,,post_tag,,https://mikesellsnj.com/tag/fsbos/,,
1125,active,Gibbstown,gibbstown,0,,post_tag,,https://mikesellsnj.com/tag/gibbstown/,,
385,active,Glassboro,glassboro,9,,post_tag,,https://mikesellsnj.com/tag/glassboro/,,
1120,active,Gloucester City,gloucester-city,0,,post_tag,,https://mikesellsnj.com/tag/gloucester-city/,,
55,active,Gloucester Twp,gloucester-twp,2,,post_tag,,https://mikesellsnj.com/tag/gloucester-twp/,,
1060,active,Haddon Heights,haddon-heights,0,,post_tag,,https://mikesellsnj.com/tag/haddon-heights/,,
1059,active,Haddon Twp,haddon-twp,0,,post_tag,,https://mikesellsnj.com/tag/haddon-twp/,,
1058,active,Haddonfirled,haddonfirled,0,,post_tag,,https://mikesellsnj.com/tag/haddonfirled/,,
1093,active,Hainesport,hainesport,0,,post_tag,,https://mikesellsnj.com/tag/hainesport/,,
1149,active,Home Buying Advice,home-buying-advice,8,,post_tag,,https://mikesellsnj.com/tag/home-buying-advice/,,
1150,active,Home Prices,home-prices,120,,post_tag,,https://mikesellsnj.com/tag/home-prices/,,
1035,active,home sales,home-sales,9,,post_tag,,https://mikesellsnj.com/tag/home-sales/,,
891,active,Infographics,infographics,128,,post_tag,,https://mikesellsnj.com/tag/infographics/,,
1151,active,Interest Rates,interest-rates,38,,post_tag,,https://mikesellsnj.com/tag/interest-rates/,,
1152,active,Inventory,inventory,59,,post_tag,,https://mikesellsnj.com/tag/inventory/,,
1184,active,January 2026,January-2026,0,,post_tag,,https://mikesellsnj.com/tag/january-2026/,,
1196,active,January 2027,January-2027,0,,post_tag,,https://mikesellsnj.com/tag/january-2027/,,
1163,active,January 2028,January-2028,0,,post_tag,,https://mikesellsnj.com/tag/january-2028/,,
1181,active,July 2026,July-2026,0,,post_tag,,https://mikesellsnj.com/tag/july-2026/,,
1166,active,July 2027,July-2027,0,,post_tag,,https://mikesellsnj.com/tag/july-2027/,,
1178,active,July 2028,July-2028,0,,post_tag,,https://mikesellsnj.com/tag/july-2028/,,
1189,active,June 2026,June-2026,0,,post_tag,,https://mikesellsnj.com/tag/june-2026/,,
1165,active,June 2027,June-2027,0,,post_tag,,https://mikesellsnj.com/tag/june-2027/,,
1177,active,June 2028,June-2028,0,,post_tag,,https://mikesellsnj.com/tag/june-2028/,,
1121,active,Laurel Springs,laurel-springs,0,,post_tag,,https://mikesellsnj.com/tag/laurel-springs/,,
1113,active,Lawnside,lawnside,0,,post_tag,,https://mikesellsnj.com/tag/lawnside/,,
1112,active,Lindenwold,lindenwold,0,,post_tag,,https://mikesellsnj.com/tag/lindenwold/,,
1048,active,Logan,logan,0,,post_tag,,https://mikesellsnj.com/tag/logan/,,
1088,active,Lower Alloways Creek,lower-alloways-creek,0,,post_tag,,https://mikesellsnj.com/tag/lower-alloways-creek/,,
1100,active,Lumberton,lumberton,0,,post_tag,,https://mikesellsnj.com/tag/lumberton/,,
1161,active,Luxury / Vacation,luxury-vacation,0,,post_tag,,https://mikesellsnj.com/tag/luxury-vacation/,,
1111,active,Magnolia,magnolia,0,,post_tag,,https://mikesellsnj.com/tag/magnolia/,,
9,active,Mantua,mantua,8,,post_tag,,https://mikesellsnj.com/tag/mantua/,,
1071,active,Maple Shade,maple-shade,0,,post_tag,,https://mikesellsnj.com/tag/maple-shade/,,
1186,active,March 2026,March-2026,0,,post_tag,,https://mikesellsnj.com/tag/march-2026/,,
1198,active,March 2027,March-2027,0,,post_tag,,https://mikesellsnj.com/tag/march-2027/,,
1174,active,March 2028,March-2028,0,,post_tag,,https://mikesellsnj.com/tag/march-2028/,,
1063,active,Marlton,marlton,0,,post_tag,,https://mikesellsnj.com/tag/marlton/,,
1089,active,Maurice River,maurice-river,0,,post_tag,,https://mikesellsnj.com/tag/maurice-river/,,
1188,active,May 2026,May-2026,0,,post_tag,,https://mikesellsnj.com/tag/may-2026/,,
1164,active,May 2027,May-2027,0,,post_tag,,https://mikesellsnj.com/tag/may-2027/,,
1176,active,May 2028,May-2028,0,,post_tag,,https://mikesellsnj.com/tag/may-2028/,,
1066,active,Medford,medford,0,,post_tag,,https://mikesellsnj.com/tag/medford/,,
1072,active,Medford Lakes,medford-lakes,0,,post_tag,,https://mikesellsnj.com/tag/medford-lakes/,,
1110,active,Merchantville,merchantville,0,,post_tag,,https://mikesellsnj.com/tag/merchantville/,,
1153,active,Millennials,millennials,0,,post_tag,,https://mikesellsnj.com/tag/millennials/,,
1075,active,Millville,millville,0,,post_tag,,https://mikesellsnj.com/tag/millville/,,
1065,active,Moorestown,moorestown,0,,post_tag,,https://mikesellsnj.com/tag/moorestown/,,
1154,active,Mortgage Rates,mortgage-rates,0,,post_tag,,https://mikesellsnj.com/tag/mortgage-rates/,,
1109,active,Mount Ephraim,mount-ephraim,0,,post_tag,,https://mikesellsnj.com/tag/mount-ephraim/,,
1064,active,Mount Laurel,mount-laurel,0,,post_tag,,https://mikesellsnj.com/tag/mount-laurel/,,
1155,active,Move-up Buyers,move-up-buyers,93,,post_tag,,https://mikesellsnj.com/tag/move-up-buyers/,,
7,active,Mullica Hill / Harrison Twp,mullica-hill-harrison-twp,8,,post_tag,,https://mikesellsnj.com/tag/mullica-hill-harrison-twp/,,
1126,active,National Park,national-park,0,,post_tag,,https://mikesellsnj.com/tag/national-park/,,
1156,active,New Construction,new-construction,0,,post_tag,,https://mikesellsnj.com/tag/new-construction/,,
1033,active,New Jersey real estate,new-jersey-real-estate,10,,post_tag,,https://mikesellsnj.com/tag/new-jersey-real-estate/,,
1127,active,Newfield,newfield,0,,post_tag,,https://mikesellsnj.com/tag/newfield/,,
1190,active,November 2025,November-2025,0,,post_tag,,https://mikesellsnj.com/tag/november-2025/,,
1194,active,November 2026,November-2026,0,,post_tag,,https://mikesellsnj.com/tag/november-2026/,,
1170,active,November 2027,November-2027,0,,post_tag,,https://mikesellsnj.com/tag/november-2027/,,
1108,active,Oaklyn,oaklyn,0,,post_tag,,https://mikesellsnj.com/tag/oaklyn/,,
1183,active,October 2025,October-2025,0,,post_tag,,https://mikesellsnj.com/tag/october-2025/,,
1193,active,October 2026,October-2026,0,,post_tag,,https://mikesellsnj.com/tag/october-2026/,,
1169,active,October 2027,October-2027,0,,post_tag,,https://mikesellsnj.com/tag/october-2027/,,
1099,active,Palmyra,palmyra,0,,post_tag,,https://mikesellsnj.com/tag/palmyra/,,
1052,active,Paulsboro,paulsboro,0,,post_tag,,https://mikesellsnj.com/tag/paulsboro/,,
1090,active,Penns Grove,penns-grove,0,,post_tag,,https://mikesellsnj.com/tag/penns-grove/,,
1056,active,Pennsauken,pennsauken,0,,post_tag,,https://mikesellsnj.com/tag/pennsauken/,,
1084,active,Pennsville,pennsville,0,,post_tag,,https://mikesellsnj.com/tag/pennsville/,,
1082,active,Pilesgrove,pilesgrove,0,,post_tag,,https://mikesellsnj.com/tag/pilesgrove/,,
1106,active,Pine Hill,pine-hill,0,,post_tag,,https://mikesellsnj.com/tag/pine-hill/,,
386,active,Pitman,pitman,9,,post_tag,,https://mikesellsnj.com/tag/pitman/,,
1080,active,Pittsgrove,pittsgrove,0,,post_tag,,https://mikesellsnj.com/tag/pittsgrove/,,
1157,active,Pricing,pricing,57,,post_tag,,https://mikesellsnj.com/tag/pricing/,,
1034,active,real estate market,real-estate-market,10,,post_tag,,https://mikesellsnj.com/tag/real-estate-market/,,
890,active,Rent vs Buy,rent-vs-buy,0,,post_tag,,https://mikesellsnj.com/tag/rent-vs-buy/,,
1098,active,Riverside,riverside,0,,post_tag,,https://mikesellsnj.com/tag/riverside/,,
1097,active,Riverton,riverton,0,,post_tag,,https://mikesellsnj.com/tag/riverton/,,
1105,active,Runnemede,runnemede,0,,post_tag,,https://mikesellsnj.com/tag/runnemede/,,
1085,active,Salem City,salem-city,0,,post_tag,,https://mikesellsnj.com/tag/salem-city/,,
1158,active,Selling Myths,selling-myths,0,,post_tag,,https://mikesellsnj.com/tag/selling-myths/,,
1159,active,Selling Tips,selling-tips,77,,post_tag,,https://mikesellsnj.com/tag/selling-tips/,,
1160,active,Senior Market,senior-market,0,,post_tag,,https://mikesellsnj.com/tag/senior-market/,,
1040,active,September 2025,September-2025,5,,post_tag,,https://mikesellsnj.com/tag/september-2025/,,
1192,active,September 2026,September-2026,0,,post_tag,,https://mikesellsnj.com/tag/september-2026/,,
1168,active,September 2027,September-2027,0,,post_tag,,https://mikesellsnj.com/tag/september-2027/,,
1180,active,September 2028,September-2028,0,,post_tag,,https://mikesellsnj.com/tag/september-2028/,,
1096,active,Shamong,shamong,0,,post_tag,,https://mikesellsnj.com/tag/shamong/,,
1062,active,Sicklerville,sicklerville,0,,post_tag,,https://mikesellsnj.com/tag/sicklerville/,,
1104,active,Somerdale,somerdale,0,,post_tag,,https://mikesellsnj.com/tag/somerdale/,,
1103,active,Stratford,stratford,0,,post_tag,,https://mikesellsnj.com/tag/stratford/,,
1051,active,Swedesboro,swedesboro,0,,post_tag,,https://mikesellsnj.com/tag/swedesboro/,,
1095,active,Tabernacle,tabernacle,0,,post_tag,,https://mikesellsnj.com/tag/tabernacle/,,
1079,active,Upper Deerfield,upper-deerfield,0,,post_tag,,https://mikesellsnj.com/tag/upper-deerfield/,,
1081,active,Upper Pittsgrove,upper-pittsgrove,0,,post_tag,,https://mikesellsnj.com/tag/upper-pittsgrove/,,
1074,active,Vineland,vineland,0,,post_tag,,https://mikesellsnj.com/tag/vineland/,,
1055,active,Voorhees,voorhees,0,,post_tag,,https://mikesellsnj.com/tag/voorhees/,,
53,active,washington,washington,1,,post_tag,,https://mikesellsnj.com/tag/washington/,,
11,active,Washington Twp,washington-twp,9,,post_tag,,https://mikesellsnj.com/tag/washington-twp/,,
1102,active,Waterford / Atco,waterford-atco,0,,post_tag,,https://mikesellsnj.com/tag/waterford-atco/,,
13,active,Wenonah,wenonah,5,,post_tag,,https://mikesellsnj.com/tag/wenonah/,,
1117,active,West Berlin,west-berlin,0,,post_tag,,https://mikesellsnj.com/tag/west-berlin/,,
1046,active,West Deptford,west-deptford,0,,post_tag,,https://mikesellsnj.com/tag/west-deptford/,,
1094,active,Westampton,westampton,0,,post_tag,,https://mikesellsnj.com/tag/westampton/,,
1123,active,Westville,westville,0,,post_tag,,https://mikesellsnj.com/tag/westville/,,
54,active,Williamstown (Monroe Twp),williamstown,2,,post_tag,,https://mikesellsnj.com/tag/williamstown/,,
1067,active,Willingboro,willingboro,0,,post_tag,,https://mikesellsnj.com/tag/willingboro/,,
12,active,Woodbury Heights,woodbury-heights,8,,post_tag,,https://mikesellsnj.com/tag/woodbury-heights/,,
1083,active,Woodstown,woodstown,0,,post_tag,,https://mikesellsnj.com/tag/woodstown/,,
1047,active,Woolwich,woolwich,0,,post_tag,,https://mikesellsnj.com/tag/woolwich/,,